{
    "accuracy": [
        0.4052888751029968,
        0.5934444665908813,
        0.6677111387252808,
        0.7094444632530212,
        0.7333777546882629,
        0.7571333050727844,
        0.7784000039100647,
        0.7933555841445923,
        0.8036888837814331,
        0.81695556640625
    ],
    "loss": [
        1.765288233757019,
        1.1485363245010376,
        0.9472633004188538,
        0.8278706669807434,
        0.7577422857284546,
        0.6950937509536743,
        0.6403030157089233,
        0.5977428555488586,
        0.5681902170181274,
        0.5364425182342529
    ],
    "val_accuracy": [
        0.2029999941587448,
        0.6230000257492065,
        0.7161999940872192,
        0.7279999852180481,
        0.7228000164031982,
        0.7670000195503235,
        0.7501999735832214,
        0.7685999870300293,
        0.8055999875068665,
        0.796999990940094
    ],
    "val_loss": [
        2.9175496101379395,
        1.078836441040039,
        0.7860099673271179,
        0.7790464162826538,
        0.79179447889328,
        0.676858127117157,
        0.7413323521614075,
        0.6840133666992188,
        0.5782066583633423,
        0.6142691969871521
    ]
}