{
    "accuracy": [
        0.8033888936042786,
        0.873629629611969,
        0.8892222046852112,
        0.8996852040290833,
        0.9070740938186646
    ],
    "loss": [
        0.5518271327018738,
        0.3514467179775238,
        0.30526378750801086,
        0.2776172459125519,
        0.25370529294013977
    ],
    "val_accuracy": [
        0.8618333339691162,
        0.8796666860580444,
        0.8888333439826965,
        0.8891666531562805,
        0.9023333191871643
    ],
    "val_loss": [
        0.38219815492630005,
        0.32470494508743286,
        0.2960408926010132,
        0.2917960286140442,
        0.2649296820163727
    ]
}