{
    "accuracy": [
        0.93279629945755,
        0.9812777638435364,
        0.9868888854980469,
        0.9896851778030396,
        0.9921666383743286
    ],
    "loss": [
        0.2325512319803238,
        0.059934742748737335,
        0.041797250509262085,
        0.03189724683761597,
        0.024569200351834297
    ],
    "val_accuracy": [
        0.9835000038146973,
        0.9868333339691162,
        0.9893333315849304,
        0.9879999756813049,
        0.9896666407585144
    ],
    "val_loss": [
        0.0627068355679512,
        0.04693814739584923,
        0.038340311497449875,
        0.04070315882563591,
        0.04135784134268761
    ]
}